{
    "AX": {
        "error": 0.007382196633864887, 
        "fit": "average", 
        "value": -0.015019996938968284
    }, 
    "CDD": {
        "error": 4.15368190180009e-06, 
        "fit": "average", 
        "value": -3.7350029944920807e-06
    }, 
    "H1": {
        "error": 0.014270425691884022, 
        "fit": "average", 
        "value": 0.0018879762921844507
    }, 
    "H2": {
        "error": 0.013095669534291568, 
        "fit": "average", 
        "value": -2.820284215785149e-05
    }, 
    "L1": {
        "error": 0.014128954067899427, 
        "fit": "average", 
        "value": -0.02432071152442303
    }, 
    "L2": {
        "error": 0.018646673621002013, 
        "fit": "average", 
        "value": -0.043923417343952074
    }
}