{
    "AX": {
        "error": 0.006103066800890353, 
        "fit": "average", 
        "value": 0.004678450365706036
    }, 
    "CDD": {
        "error": 9.44740517851264e-06, 
        "fit": "average", 
        "value": 5.4327274362246196e-05
    }, 
    "H1": {
        "error": 0.015227023867204573, 
        "fit": "average", 
        "value": 0.012803165370132773
    }, 
    "H2": {
        "error": 0.012623288168692475, 
        "fit": "average", 
        "value": -0.029056142860402662
    }, 
    "L1": {
        "error": 0.021655396424484486, 
        "fit": "average", 
        "value": -0.0074980107575861946
    }, 
    "L2": {
        "error": 0.013347438934792509, 
        "fit": "average", 
        "value": -0.11692716836179089
    }
}