{
    "AX": {
        "error": 0.006395392159483692, 
        "fit": "average", 
        "value": 0.003802189984950625
    }, 
    "CDD": {
        "error": 6.478514510681792e-06, 
        "fit": "average", 
        "value": 3.055909182876348e-05
    }, 
    "H1": {
        "error": 0.01446490615264493, 
        "fit": "average", 
        "value": -0.003725009795743972
    }, 
    "H2": {
        "error": 0.01342563274649389, 
        "fit": "average", 
        "value": -0.022684110531635167
    }, 
    "L1": {
        "error": 0.021346322327436558, 
        "fit": "average", 
        "value": -0.008953155145152575
    }, 
    "L2": {
        "error": 0.01510594323627137, 
        "fit": "average", 
        "value": -0.11118887272346506
    }
}